{"filename":"JSON/network-weights_20210316_235841.json","structure":[3,2,2,3],"totalWeightList":[[[-0.19774823431268218,0.32591249638605735,-0.8890543991132092,0.9414173492376974],[-0.47260226726095844,-0.6724517691039016,0.4695970708337538,0.8057871550428308]],[[-0.5996963936956232,0.15056910498894926,0.17943644961865912],[-0.776567027492765,-0.4514389723588399,-4.773867071177218E-4]],[[-0.9085286467467779,0.26573735064227244,0.501547499791597],[-0.8168816698049313,-0.24840131959573197,-0.01973456105063942],[-0.7024887144617167,0.19876676420810502,0.22102743005374292]]]}