{"weights":[[[[0.7368416273605454,0.48313296891740753,0.6163823689897949,0.7164458526890098],[0.9864968867288253,-0.21780644113329695,-0.5749782097025875,0.4362560633113346]],[[-0.9662112924754092,-0.30477024881742976,0.5853989911448916],[-0.4868927240625869,0.8757608742125009,-0.49786010450406737]],[[-0.7434896707885961,0.43520832822751476,-0.505279008838404],[0.42353986254305953,-0.781100091032449,-0.6456954189770481],[0.6141023070369176,0.475059639103955,0.9659451823435812]]]],"structure":[3,2,2,3]}