{"filename":"JSON/network-weights_20210317_091617.json","structure":[3,2,2,3],"totalWeightList":[[[0.007491012298496802,-0.284799598664226,0.4565929376721838,0.5588075639193644],[0.0908638660547163,-0.09766872649207858,0.9864221612018389,0.9230204220016152]],[[0.09975269155035926,-0.48029348009641404,-0.830589024197526],[-0.9357361118877487,0.9706870683752549,-0.6241813836450765]],[[0.7781741841751784,0.24464612501935457,-0.4763379820542697],[-0.2526737156427892,-0.5932422179665364,0.12924326047361023],[0.21528000584536877,0.33692002952583966,0.2278246094867773]]]}