{"filename":"JSON/network-weights_20210317_093906.json","structure":[8,8,8,8],"totalWeightList":[[[0.681326990835293,0.8566489433689051,-0.9321884454349298,-0.6527599415844192,0.3412827487856347,-0.034220446959705386,-0.9517931134905626,0.3733144609060577,0.6490559628487962],[0.11215603559649945,0.4705641976861661,-0.36832247913212046,-0.595902722433479,0.5124215702737815,-0.7586398504741294,-0.4663721398818874,0.757697415640953,-0.372158629976453],[0.1564449981705167,0.4510099350482213,-0.3019754319524124,-0.1899675569670456,0.7974753192479358,0.9367027938879033,0.7256588524178249,0.3905998396840007,0.7428142859943541],[-0.9643851423300431,0.5960979382068783,-0.3595704859731508,-0.5393653175854152,0.7155593435012346,0.24827398986625715,0.7207343653388605,-0.6723642424054845,-0.3684148116558168],[0.9376807466548776,-0.9259535822058991,-0.4785424848862012,0.6046301881527272,-0.4942529096464445,-0.42994571151760863,-0.37122044593335435,-0.6213415899523689,-0.14486436512125556],[0.5115243393992488,0.28879864609344996,0.9533227765838181,-0.002797048953596004,0.41078444646158285,-0.2995395949811004,-0.45353569021665163,-0.13106270407598064,-0.9335395261635673],[0.6954321437387689,-0.552944970746263,-0.02480291328499873,-0.3961066748791333,0.9602192192615651,-0.5087822737338865,0.44814302807390094,0.5373586353542001,-0.9603594136609226],[-0.5409386859443994,-0.18054218169641678,0.07940743337286427,-0.2580359600484796,0.3819543440179969,0.750382682558207,-0.18266039043091675,-0.5276234785819169,-0.581047929180041]],[[-0.4713637962797381,-0.12551336991726658,-0.8090833800143775,-0.2882359613028165,-0.9747395716940144,-0.7208822187005874,0.2591092628129723,-0.6087827548500802,0.48767021529495724],[-0.5101484598146437,0.3719705174116197,-0.11039801230844937,-0.9309417749129467,-0.6653500259805019,0.007928991637262017,-0.08971049636793671,0.15672356876008342,-0.0679507304923892],[-0.823153062017391,0.6253042546391232,0.5866551945344827,0.18415069341744306,-0.7858742525192774,0.7466737060268798,0.8856527125415061,-0.33403564923217344,0.7021061366467016],[-0.8426661615848754,0.6866156384280893,-0.7519827203171043,-0.59319029240952,-0.824442338287537,-0.4533194990418763,0.8062529622096557,-0.5317612466689714,-0.4754159286974833],[-0.09653784654010411,0.9065961405795049,0.7258324852280931,0.4004011757209207,0.06358039235130764,0.3301576105773296,0.3000159091336365,0.7496921575496391,-0.9386585353236252],[-0.9986848006449343,-0.34961635413794157,0.11885223700325542,-0.22471194923745963,-0.1598065148935235,0.08258190653542319,0.1549306350450963,-0.04389132305116861,0.5226415883267455],[-0.056217874568158965,-0.47374548795069127,-0.0514985640167096,-0.8794676607750462,0.8057630685207477,-0.4700487103174904,0.5555739214296627,0.20644582177585313,-0.9045587363548879],[0.19935556549968458,0.3082410642566351,-0.9278104575080048,-0.04212902849114153,-0.6118172824205439,-0.5661025538221747,-0.3139797885861726,0.2531679447824997,0.7243249596074632]],[[-0.9475902408632613,0.7752064446928362,0.9585979910913756,0.9496889517284623,0.10272467792830242,0.4870492431876787,-0.2915132464434529,-0.8665081441814602,0.5035371843770602],[0.40134540378176653,-0.9146183378924426,-0.9327505196152286,-0.3985215011847605,-0.30756992055674304,-0.9141310184114926,0.5757189795179964,0.7276141792393449,0.605443862240026],[-0.25944957228803633,-0.5466952412803865,0.7898075102488737,-0.995469337073718,-0.42998841779474284,-0.23317685988386438,-0.28124438299304644,-0.9041501430318253,-0.6628770410064078],[0.3691136525601606,-0.61053977784217,0.0066510771190309015,0.11434816746958698,0.1600366720631643,0.16619523159521865,-0.49455269316162265,-0.813976768384739,0.1318697187392246],[0.9980323299751501,0.668543204347269,0.8458861059731277,-0.008246422194149394,-0.22018137567526064,0.9610606541556288,0.9292233459185246,0.3442605135060892,0.2143516673313126],[0.9794294065585565,-0.6738693968078311,0.5639309059106623,-0.5181252763957775,0.7847445010686223,0.05967752043850516,0.5848340319533605,0.3456073716995225,0.8691527012866764],[0.23253587337055848,0.748627147369519,0.10660840148125539,0.6529187528930147,-0.381832553183862,-0.5194910467448162,-0.7512944073966052,0.30356023774990626,-0.14215587147446218],[0.0317067657590846,-0.0893111170935752,-0.14968550697547212,-0.565731957111202,-0.24087864992442776,-0.6571674348342758,0.3459401481887123,-0.2886132983319418,0.6386627880585922]]]}