{"filename":"JSON/network-weights_20210317_104220.json","structure":[3,2,2,3],"totalWeightList":[[[0.9947680069454679,0.7567845259305213,-0.8302069783830106,0.6812069962381178],[-0.44177627409205766,-0.5821136236103479,-0.11064894396954794,-0.08869910362396971]],[[0.23789313673620915,-0.5132798501308875,0.4447993643475796],[-0.7089354817510309,0.3289296495281202,0.08783394647597165]],[[0.5408623101403685,0.8803884447284172,0.6865751427371278],[0.4972714619753609,0.2786529246456937,-0.5104932713033952],[0.9792933126439256,0.09093378159410181,0.39296963258017037]]]}