{"filename":"JSON/network-weights_20210317_001902.json","structure":[3,2,2,3],"totalWeightList":[[[-0.855049898733651,0.7393462692903288,0.9074668877490824,0.05427103831856406],[-0.4542205298719102,0.14681812518783088,0.5336469654017317,0.6862105275824635]],[[-0.005307796353414496,0.5564743501635541,-0.8900265272925454],[0.35552359006993517,-0.17875976471255095,0.3505527114963616]],[[-0.5467254343461387,0.794652003368217,0.8715702491682049],[-0.6299877532435356,0.8489228413782546,-0.31609586447071836],[-0.9534085193740902,0.436348539143371,0.736311820046019]]]}