{"filename":"JSON/network-weights_20210317_003742.json","structure":[3,2,2,3],"totalWeightList":[[[-0.7547948268457225,-0.5313851515426824,0.9298157633670994,0.050593038017119785],[0.04804256294816556,0.4574959098175333,0.3340121936615241,0.24745828062435749]],[[0.5574224016982396,-0.7988283287663149,-0.9714322198816303],[-0.33417289268511885,-0.9036459982102609,-0.6872401714257093]],[[0.47909724707120516,-0.8591412791973434,-0.2060243835043487],[-0.7174355460223318,0.4970887364010066,0.8297195945710432],[-0.5313523809228275,-0.8647541160431871,0.7021197814872226]]]}