{"weights":[[[0.18102316967163712,0.47124206232384713,-0.18857793969137693,0.49881933050531124],[0.9931255233824161,0.3081265671111233,0.02885882185309052,0.3938659016862611]],[[0.788749934523743,0.023390981280897005,-0.2238825384498262],[-0.3978237869266936,0.37525381562514126,-0.0011612528137097122]],[[-0.273430865866515,0.40190162039632926,0.3557069349283275],[-0.6541687544275092,0.48847906746522973,0.45694955896459954],[0.9162149056258413,0.5854578300670208,-0.6056953957404434]]],"structure":[3,2,2,3]}