{"filePath":"JSON/network-weights_20210317_104601.json","structure":[3,2,2,3],"totalWeightList":[[[0.6016808203266484,0.32908138214254157,-0.20305973636121588,-0.15652434628733802],[0.4398786862453188,-0.43503085849189405,0.2811425961350318,-0.8475142970325502]],[[0.6498300417176914,-0.4012930717531864,0.40215763732789256],[0.8525884162923087,0.9578302335653215,-0.3606952264764085]],[[-0.3131290158930282,-0.6731692190225451,-0.45047658437833626],[-0.20477827173884267,-0.8922161839891829,0.2522628890919256],[-0.49591999617883187,0.14934293284264344,-0.13029629151078015]]]}